bamhead	mean_depth	sd_depth	mean_depth_nonzero	mean_depth_within2sd	median	proportion_of_reference_covered
413_001	17.9015397653586	82.8807361618922	31.7624208724181	14.3671883022416	2	0.563607536001943
413_002	64.4517920799618	329.7020820485	96.8824757119894	51.3188878323356	21	0.665257484455296
413_003	67.2091563251659	317.2219317529	100.146110319315	53.7315523499604	21	0.671111000825329
413_004	15.6636378448995	79.7241017481566	28.5747858685416	12.6277061016964	1	0.548162912469705
413_005	17.5907314027906	92.5938361771387	31.4107652823906	14.0872917404668	2	0.560022375916151
413_006	66.6881590586573	336.529608156131	99.6701039354888	53.0589962592638	21	0.669088888497825
413_007	48.1613892387748	249.739209354129	72.5193126190961	38.4045512656358	17	0.66411811556653
413_008	50.2363033603979	274.544092542618	75.6366271289913	39.9418349224345	17	0.664179581603032
413_009	59.0711420313576	413.28697831121	88.9534562145612	46.7991785088713	21	0.664067980550146
413_010	46.4966365227799	277.63874431591	70.1336716893347	36.9057495930353	16	0.662971656877467
413_011	42.2881680348499	236.148037910475	63.4290619972828	33.2617003878349	14	0.666700195513904
413_012	52.5201847247441	284.165585116586	78.6286450999989	41.9267815018915	18	0.667952304887746
413_013	47.6188919629648	291.01146909751	71.4181817456814	37.7141147735876	16	0.66676147164504
413_014	58.8462711005451	310.536216638186	87.5802558252765	47.2202929484014	19	0.671912528069596
413_015	48.7265193726867	265.894568788766	72.9058615404273	38.333973937616	17	0.668348447479329
413_016	45.2009010123383	238.015661386512	68.1369284386498	35.8088815172129	16	0.663383308407199
413_017	13.1178596373988	63.0754813217648	24.0368507570952	10.5499217250132	1	0.545739530105761
413_018	53.459560032316	272.811562570041	76.1471706483327	42.5604592744729	18	0.702055763558199
413_019	43.2970965621941	226.01416572664	65.1727896028291	34.3741415252653	16	0.664343153424165
413_020	50.2892343534742	267.697600566813	75.2895310530971	40.0832680096831	18	0.667944582069566
413_021	40.3118554374531	195.406651185545	60.5805701775322	32.1304187523757	15	0.665425487401615
413_022	53.3270025425815	268.09059105337	79.9195910674132	42.6089473777704	18	0.667258200778333
413_023	14.8647349661719	75.7086606819133	26.3640678144968	11.9059297210235	2	0.563825547361069
413_024	54.9824579983128	284.788965415329	81.9009578124272	43.7635134528669	19	0.671328632373725
413_025	13.6588060193928	72.246132068877	24.4445145572499	11.0457609169517	2	0.558767734470774
413_026	58.659242801727	290.999515516517	87.7282535664873	46.9067642291754	21	0.668647105316831
413_027	61.7217997812538	302.174229513455	92.1752834697999	49.4104833788512	22	0.669613343814421
413_028	14.3793449556267	68.5491324815433	26.1899366637214	11.5917472141122	1	0.549040844972528
413_029	63.8194538043172	324.182529126457	94.5506184283422	51.2876652118356	22	0.674976587833574
413_030	61.9732413845361	335.5216561422	91.8015585999167	49.4723646263213	20	0.675078313807475
413_031	50.7392185343552	260.779070097823	75.9044662855248	40.2970991694627	16	0.668461567775136
413_032	43.5812677221281	216.602058211002	65.6264504258635	34.627207226165	16	0.664080830813184
413_033	28.2238525316457	140.464197732304	49.5568016889197	22.7619670771316	2	0.569525303687165
413_034	44.6641203311282	247.82242757647	67.0424879139102	35.5488964488198	15	0.66620618835751
413_035	43.87974692198	232.437780685456	66.5163170877848	35.05767554536	16	0.659683951895199
413_036	44.8075678174219	242.975786046871	68.0348540948262	35.4913483462814	15	0.658597250094351
413_037	43.4572019773986	294.552994671604	65.7198856018721	34.9579275705412	15	0.661248898707137
413_038	77.6118045681445	412.226333151106	115.595076570436	61.827730119737	21	0.671410988000386
413_039	72.0710582830976	402.16122620753	107.394141939568	57.9593337008221	21	0.67108928831192
413_040	57.1211653833889	309.192953151009	86.1152066731404	45.4879066233745	17	0.663311017764887
413_041	19.1034111308078	101.159793417398	33.5917361710193	15.3186887424336	2	0.568693771395213
413_042	73.3827499588308	381.807357626555	108.339502823408	58.9758859432957	21	0.677340656421821
413_043	65.7661374299593	464.197965279894	98.3522630777114	52.9795225815004	19	0.668679452530685
413_044	69.6389879386013	337.726325642206	103.476254969882	55.9249573228333	21	0.672994862047046
413_045	62.3953561934626	335.697287662848	93.306399597722	49.8794356673632	19	0.668714648325016
413_046	74.8822894383178	370.748450011557	112.329879990965	59.5573967131676	22	0.666628411285899
413_047	59.8242587898657	289.210153111567	89.729583493159	47.8856204418427	19	0.666717223694974
413_048	17.1860024300308	88.6413643294348	30.6697386883701	13.7764361913076	2	0.560356989169444
413_049	15.4279299011196	81.1263725892685	27.9973203154136	12.3073534221243	2	0.551050233640571
413_050	64.9790660352919	386.830971611603	97.094415344923	51.4327812109145	20	0.669235875250406
536_001	59.2482385327891	337.84780646617	87.3268138981409	46.7631116672062	21	0.67846559250284
536_003	63.0233915933489	333.411392210624	91.5658828768456	49.9133727202217	22	0.688284649404944
536_004	14.9410748339819	77.9785220510214	25.9366267665768	11.9660059420154	2	0.576060833525032
536_005	55.5986422272824	282.70413331785	81.4522344560305	43.8884673311741	20	0.682591982879145
536_006	50.4267755930105	275.121283151228	74.3968765993399	39.9752697241954	19	0.677807697016371
536_007	34.1664882611284	171.355993776011	56.2934692176032	27.3635135358909	3	0.606935204669241
536_008	60.8136766932034	344.064272403055	90.3367981602691	48.2068663174296	20	0.673188312312286
536_009	49.4685867407366	269.480208724454	72.9341139319014	39.077274354563	18	0.678264039608689
536_010	66.1187202885177	333.554056167837	92.9011959127394	52.74590270909	24	0.711710109206979
536_011	52.9782039915336	271.646985057702	73.406535109705	42.1761735423009	19	0.72170963950771
536_012	57.4760389437624	314.481310522464	84.1015407415612	45.8012539405628	21	0.683412437358133
536_013	50.9462189905071	273.977698098364	74.9735873892392	40.3159065018917	19	0.679522225954214
536_014	56.7758267814921	292.161188035707	83.6917258665725	45.0502121473248	22	0.678392352333703
536_015	32.3988320313614	181.702273539651	53.9141322714621	25.8874800309187	3	0.600933941925167
536_016	40.66983724224	228.115454267068	60.835909734414	32.0942907942688	16	0.668516956839954
536_017	52.4000157748031	277.64224247461	77.1815472374901	41.7066355218384	20	0.678918959911104
536_018	36.1190302140682	173.933619230595	54.2922965097479	28.6111115357729	14	0.665269891605816
536_019	44.8339011714786	228.366808878318	64.3665476225841	35.8502918953535	15	0.696540405341607
536_020	49.5632271555584	299.482035402705	69.2531132920418	39.5832455944362	17	0.715682296426829
536_021	39.4045845180775	211.419815839662	59.3651605546994	31.0556092427806	14	0.663766157623225
536_022	46.932627843341	237.06256577435	68.1294566759399	37.6822680937865	17	0.688874242261768
536_024	45.0138373911213	242.264799672171	65.4637965171312	35.9892922696762	16	0.68761422016438
536_025	34.1530354283669	210.315469142185	51.3649860578921	26.9874489202282	13	0.664908881506775
536_026	33.7018999145564	171.263612515363	51.0564611687344	26.6003824616463	13	0.660090792489015
536_029	25.5394015651507	136.975591047278	37.7683502728059	20.0309367494093	10	0.676211732328135
BAR_001	54.9693236368517	286.708861280689	79.0105537968241	43.616745357946	21	0.695721280200175
BAR_002	60.5705407909807	350.048158943725	89.4864996856716	48.5449487345989	22	0.676867918666317
BAR_003	15.9349827331727	82.8548696085842	27.9256302726557	12.8437805571243	2	0.57062213377415
BAR_004	55.2658109826309	289.345042858241	81.7927545005747	44.1002342112357	20	0.67568101013449
BAR_005	53.7077323514322	262.907226998537	79.1873589097358	43.1537832387907	19	0.678236186821808
BAR_006	54.5457613692199	278.516729052186	81.3939901990312	43.501496392722	19	0.670144825629527
BAR_007	43.4079300175937	235.427307571652	65.0821417155187	34.4566647975265	16	0.666971443677044
BAR_008	85.9287743469753	447.724289324652	127.220983118353	68.8084056373234	25	0.675429258922166
BAR_009	74.6312579040159	416.72866739736	110.621768714635	59.2429081099345	23	0.674652545978937
BAR_010	66.4132530016809	349.459050367798	92.5502008152606	53.1067108111086	21	0.717591668269257
BLP_179n	53.22694178552	312.780105372597	92.032171367851	41.9439806037536	4	0.578351472038777
BLP_190	54.0007430363924	270.974638318518	82.9737481546412	42.6712053949344	16	0.650817207097245
BLP_191	61.813412155032	343.07350342721	94.1019640721608	48.8556721438764	18	0.656876960693767
BLP_192	55.8806219426014	298.362250235944	85.6024046416386	44.1816464306557	17	0.652792666006724
BLP_193	60.931089103467	330.947858756379	93.9123108788228	48.383393070749	16	0.648808324843508
BLP_194	20.1186691406695	104.55287978713	36.3657923562166	15.999141411964	2	0.553230600438985
BLP_195	52.5629026072877	270.021730225009	80.6808727190873	41.8401050005437	17	0.651491497746899
BLP_198n	33.8527937801214	214.792932570646	54.1725616357789	26.6864710262331	4	0.62490664568761
BLP_199n	56.0916125003821	319.679230925902	96.8731259290598	44.8983354349258	4	0.579021394865035
BLP_212	54.5451320228403	335.88278841507	84.396294398335	43.034729992792	18	0.646297712615198
BLP_213	46.1907525329242	229.47891214983	68.7982713387101	37.1703770730333	16	0.671394086422893
BLP_231	49.6227069718432	248.275889334409	76.0470244716221	39.428152864634	15	0.65252660859023
BLP_233	52.0777571948446	294.916453819063	77.1417419371085	41.1189693158943	18	0.675091797088396
BLP_234	45.7461334951117	280.481360298403	70.1076814214136	35.8671305363765	14	0.652512428989636
BLP_237	24.3985975615414	125.560695007226	42.5265434385136	19.4251593807445	2	0.573726326871951
BRW_001	59.5410767203773	294.663887424903	86.3150051476608	47.2803463129693	21	0.689811425238499
BRW_002	19.7832195441469	112.858065073983	33.0338008401498	15.713761099165	2	0.598878089744465
BRW_003	65.0783389382916	409.869746601095	95.8418605461969	51.9415497452388	23	0.679017900606317
BRW_004	68.8451035623513	375.63704679176	101.728634940588	54.790941566005	24	0.676752456204341
BRW_005	26.2309709443537	133.953309427193	41.1662318368913	21.0146730505989	3	0.637196308087778
CGC_001	56.8389149896256	295.70678714675	84.3383505314055	45.374216934993	21	0.673939134824074
CGC_002	56.3141944385321	267.170262900344	82.7471634726364	45.0923461214315	20	0.680557400099333
CGC_003	79.607774206566	448.599966436698	117.308347457513	63.5837263421043	26	0.678619858961083
CGC_004	31.5404128745232	157.595674719373	53.2480797475059	25.2616764059726	2	0.592329583039982
CGC_005	50.706770670663	247.748374564397	74.7199186527766	40.4031402321759	20	0.678624543293422
CGC_006	57.107136504357	292.91070895991	82.3315955441663	45.5947345296542	22	0.693623585537364
CGC_007	50.1835270135972	267.835426588747	74.4458081840374	39.7178342357529	15	0.674094730619873
CGC_008	57.6607230507468	320.803527563174	82.2454757303566	46.13055501243	20	0.701080789413814
CGC_009	19.3865271765351	102.267257770427	33.4364960022689	15.4879361447195	2	0.579801399501258
CGC_010	47.9480194199787	254.933116672464	71.101761569143	38.4613354915737	16	0.674357686248737
CGC_011	40.6684825206706	230.424163873114	60.3129746877619	32.4056472441022	14	0.674290776258436
CTM_008	59.4884422328722	294.471406802929	87.7546404448418	47.4085362064477	22	0.677895116786102
FNJ_001	93.8446334199811	468.7215765021	131.768617114422	76.0634577577402	22	0.712192595437891
FNJ_002	79.3362768242879	402.312878951634	123.312686277279	64.5756707392134	5	0.643374815839272
FNJ_003	24.8657946381086	122.912228964886	40.2558353076267	20.1293397159945	2	0.617694166524976
FNJ_004	17.8406806031029	85.2505287509774	29.1558125915606	14.4593514270788	2	0.611908193163128
FNJ_005	34.6353691652718	161.917227899219	54.2150475859636	28.0690781161299	3	0.638851586551712
FNJ_006	63.2618451255929	325.506487859814	95.2071064582627	51.5401209959464	5	0.664465579082861
FNJ_007	54.0751977136414	278.80975751237	77.2139201635783	43.6797023164837	19	0.700329650393085
FNJ_008	47.5458980377813	232.605912231864	68.7945674279394	37.7169438986949	17	0.691128672152568
FNJ_009	45.727926065034	235.058261450921	66.0605357034554	36.1591468044842	16	0.692212462071151
FNJ_010	51.7422578431195	285.348047393419	74.7788118716616	41.3949342047471	19	0.691937415800709
FNJ_011	79.660485922257	365.638126463006	112.287536641769	64.6644973005389	26	0.709433017275944
FNJ_012	85.5326204876726	384.665379785189	130.18381091424	69.1211257421355	6	0.657014262272729
FNJ_013	30.9898789302639	157.365508137211	50.7697651550385	24.7498057171034	3	0.610400281262506
FNJ_014	97.8007962352164	446.757728505747	149.888366686319	79.3830998860857	6	0.652490906381593
FNJ_015	45.0584947138591	211.321594879673	64.3416659397608	36.0908285037927	17	0.700300404966861
FNJ_016	71.8953515091389	373.409474627649	102.122625868286	58.2938808501703	22	0.704010016368576
FNJ_017	67.2399703063943	349.915116696333	95.5077297658316	54.3594400334213	20	0.704026474833551
FNJ_018	15.6241218934186	72.5362067372612	26.4035475719799	12.6464062068967	2	0.591743281876154
FNJ_019	56.9030619834641	406.069916522039	78.2550195342183	45.6986443943721	18	0.727149035578264
FNJ_020	61.901992309851	306.262818460708	83.9183936574371	49.690753840617	21	0.737645105106922
FNJ_021	29.7096778685918	156.6964184941	48.6160944614999	24.1879615170144	3	0.611107868652841
FNJ_022	31.7374446916424	151.443804026985	50.4492345836297	25.5693182625322	3	0.629096654361221
FNJ_023	55.7807614724033	303.73101812222	80.5342832952486	44.2824823637836	20	0.692633735472714
FNJ_024	44.0574776440271	243.170534698852	70.1712100757488	36.0713655700891	3	0.627856888836109
FNJ_025	53.781554517208	285.297573089859	84.9207416642357	43.7514146062077	4	0.633314705727077
FNJ_026	29.4288356231052	154.738679777146	48.0798990244063	23.9488304409041	3	0.6120818932704
FNJ_027	115.313104824841	545.277912218782	173.112471660546	92.6424946912307	8	0.666116679628763
FNJ_030	57.5176451836009	318.228440412755	83.3685658088743	45.9135159699885	20	0.689920051107332
FNJ_031	42.7866294848873	206.554724609322	61.2471153376526	34.4757835336566	16	0.698590117248838
FNJ_032	37.7523720762622	189.037828542485	53.8222843504172	29.9781382310653	14	0.701426417178282
FNJ_033	18.2723502472775	93.4899507013268	31.2080852799209	14.8782740259871	2	0.58550052280947
FNJ_034	41.7468962183646	198.222467666527	60.8881305121542	33.2984691769067	15	0.685632747585005
FNJ_035	44.5464500926829	213.592865442506	65.4017988118817	35.9825481006883	15	0.681119646583583
FNJ_036	18.7394523711657	98.6328794543467	31.9056323227807	15.0597511481068	2	0.587339946175755
FNJ_037	34.4555337853672	164.37566117444	49.1486042596547	27.6426725975854	12	0.70104806238923
FNJ_038	44.5589676415135	221.897429626571	63.322290537961	35.7551610425345	16	0.703685341496057
FNJ_039	76.3361918732876	387.861943714348	104.744214160588	61.5972891585228	22	0.728786716145033
FNJ_040	79.501433532296	388.740713643033	114.945533387215	64.1382128298715	22	0.691644391822371
FNJ_041	18.3567043746996	97.8448149767687	31.6253026075885	14.7366453685796	2	0.580443596144212
FNJ_042	61.5067211306806	331.293732556112	88.837131282908	49.2709404241806	19	0.69235375166278
FNJ_043	48.5457238945612	224.788390190581	71.4388092783516	38.9340944135466	16	0.679542735733644
FNJ_044	30.8845291188837	143.261029760537	51.9634677766254	24.9971508985946	2	0.594350809142449
FNJ_045	26.2156830560494	128.037992202592	44.210864495336	21.421662401034	2	0.592969247611402
FNJ_046	19.1488995427203	87.5847282953376	32.6603978132668	15.5112584273576	2	0.586303316089504
FNJ_047	64.2339036529091	292.522801855311	93.6935239856282	51.9117529268969	20	0.685574636543287
FNJ_048	64.2063407882104	320.647209179091	93.0910991581386	51.724296458869	20	0.689715143218397
FNJ_049	16.6687008485332	82.2753317247661	29.3955276173506	13.397426140695	2	0.567048874424571
FNJ_050	61.6035742595158	287.829840936045	89.2969267489634	49.6692437508857	18	0.689873397689307
FNJ_051	54.3499433638868	284.822375878329	80.6782964453247	43.151195355118	17	0.673662506008922
GBE_028	28.0386028864832	151.773656405748	46.9253480451111	22.4735292182204	2	0.597515075637408
GBE_171	69.5426072310191	409.683325552409	101.874086707582	54.9413617134947	22	0.682632939136217
GBE_172	52.3217008911982	280.075912005285	77.2582904548442	41.1985976099708	19	0.677230891120797
GBE_182	38.4969990521178	211.81810291171	57.9252455571227	30.5084131105527	15	0.66459794312233
GBE_183	41.843934251725	246.06725557182	61.9121189375788	32.9247209136333	15	0.67586015419556
GBE_184	15.5089901199842	103.280422153484	27.654941199019	12.3606910598654	2	0.560803583286353
GBE_191	47.3080370735749	254.601987235365	69.9387721851294	37.5848387641275	17	0.676420754833313
GBE_192	65.418471980917	420.28075950009	95.1795524736039	51.6001942913189	22	0.687316448551915
GBE_193	21.9911795921089	117.017079028915	38.682606643456	17.6615771400351	2	0.568503043106872
GBE_194	45.3253022565411	243.81072530841	67.5051314301763	35.8330008439694	17	0.671434916076388
GBE_195	32.0301737469487	185.542965109981	48.4652551038761	24.9730409155037	12	0.660889407851017
GBE_196	58.073635805317	338.165890987336	80.4536620786759	45.8608232266501	19	0.721827127626913
GBE_201	57.0468361702925	285.697183840116	83.6758557781839	45.5562854976205	19	0.68175981756931
GBE_203	69.1887302306873	381.932152337293	97.0448445654878	55.1531053770016	22	0.712956268212716
GBE_261	56.3694546842138	300.824611544611	83.3933049926329	45.1988753805973	19	0.675947004249196
GBE_262	59.011075090986	291.640089913272	85.9829676422694	47.2216589091316	20	0.686311216152692
GBE_263	44.9048367757055	224.932392844872	69.9266922974279	35.7032274620242	4	0.642170182806703
GBE_291	52.352450241318	256.067975666631	77.9141425318116	41.727583795372	17	0.671924871918327
GBE_332	50.2105050330649	259.594808187667	74.3319428605753	40.0916758407862	17	0.675490281846149
GBE_333	77.6136039847764	407.151408983232	107.333851463318	61.6720635128371	22	0.72310462101789
GBE_334	76.4267796443183	380.405842340827	107.690704128313	61.2856657978462	21	0.70968780697411
GBE_335	79.0003571486817	445.951618259526	113.199760175319	63.0706743437758	22	0.697884492213943
GBE_336	88.2041292136312	448.72944949872	124.815822440387	70.9976160013628	24	0.706674262037246
GBE_371	70.87303136185	380.666829048561	103.186443141378	56.6572140212256	21	0.686844407116083
GBE_373	35.2848506413303	173.254521696923	58.8852333095307	28.3920629075843	2	0.599213905731736
GBE_381	73.9564733738149	416.563051715351	107.416216661008	58.9074750732793	20	0.688503800196261
GBE_382	68.5408440230055	341.845123729738	100.858664890619	55.0723460348621	21	0.679573183893847
GBE_383	40.1893360288072	214.302509553362	60.2379219057092	31.8072836150276	14	0.66717666807492
GBE_384	82.9975388897773	432.080072471223	121.090460858214	65.9359048897176	18	0.685417648108144
GBE_385	50.9255347513515	284.685653284605	76.4250092362137	40.6077915273154	18	0.666346465120525
GBE_401	42.315374826978	225.711677217815	63.5643830116885	33.5733833799825	15	0.665708889508121
GBE_402	30.1075756921641	144.004576469027	45.467954018085	23.7843205777793	13	0.662171332367179
GBE_441	22.7816532679977	123.161156397	39.3310670229993	18.3259147857166	2	0.579227948600467
GBE_442	43.7004428339935	268.96717794619	65.2654064365511	34.4525038675849	14	0.66958049018626
GBE_443	33.8609586979896	246.424945590028	51.1306775857484	26.7717617950367	13	0.662243496405914
GBE_471	35.6747733890912	192.758348463805	54.0345621172047	28.2795330140723	13	0.66022138407841
GBE_472	34.6551409091477	212.96641273733	52.1585051961372	27.2869714803802	12	0.664419748588085
GBE_473	45.0356168778293	233.287516416713	66.514489960366	35.7024880899483	16	0.677079789751972
GBE_481	37.7867806495581	193.310461949123	56.7972991604137	30.0743344652466	14	0.665291857326378
GBE_483	18.0558288223435	93.0174560655918	30.4356453762136	14.5118487584629	2	0.593246129633707
GBE_484	32.6588080450506	181.088823847427	49.4170269575953	25.817206881498	12	0.660881685032837
GBE_521	31.3884536398601	156.301485772129	44.6384390423232	25.0254681559219	12	0.70317095116381
GBE_522	49.8962664731842	248.156568669504	74.5917625913522	39.8809027977154	19	0.66892462035702
GBE_523	52.0915421720906	295.49228724717	69.3261725058514	41.2942434210019	19	0.75139792504334
MAB22_02638	43.7527063097064	221.633587319674	73.0108477405813	34.7286765190242	4	0.599263091221295
MAB22_02757	33.1870640010226	183.857067768284	54.5496600292932	26.1817430582505	3	0.608382600060187
MAB22_02822	47.6416876332695	235.960038519796	83.8307795948498	37.2208748746105	2	0.568307820391557
MAB22_02889	41.6701664115398	229.9655000753	72.1484848856842	32.7842065735113	3	0.577561212512839
MAB22_02957	17.0819736003693	108.580729952689	36.4783523748189	13.4646201262997	0	0.468277005080981
MAB22_02959	37.6607676785154	231.275064379436	65.5779006210587	29.7671939032129	4	0.574290535711641
MAB22_03373	45.3250756361445	267.885014658962	76.2439194945791	35.8020683267788	5	0.59447462744049
MAB22_03483	37.2219505028088	230.132112584572	65.7258916078308	29.3894062197573	2	0.566320967160172
MAB22_03484	25.8023130726692	162.841339478446	43.4576337396943	20.0110433087432	3	0.593734882741666
MAB22_03512	32.2516329645824	176.653446720553	56.5943506740937	25.3821474052452	2	0.569873716730321
MAB22_03590	35.0658092988076	182.180670092571	60.2596223989841	27.5714862788773	3	0.58191219763426
MAB22_03597	34.3568123042452	203.35447856223	59.6415148641051	27.2950560103094	3	0.576055326269445
MAB22_03604	40.205293206921	187.687434940794	70.8321461187823	31.531615478979	2	0.567613652980356
MAB22_03687	34.6039038719283	196.185402787233	60.4020541460788	27.4637395019276	3	0.57289283222456
MAB22_03707	37.71491178706	223.230994367954	65.0698714756262	30.0571870005824	3	0.579606366691308
MAB22_03736	30.2629994337006	203.737956006357	53.6346957140155	23.5970837437957	2	0.564242959353542
MAB22_03765	39.1040970689846	219.760606974883	68.4931249174633	31.1884292853645	3	0.570920031990192
MAB22_03824	27.6044183888663	275.353025473427	54.9372065673718	21.513945000591	1	0.502472188042773
MAB22_04410	39.2179754670152	207.890981078828	63.6248352612814	31.0239186604708	4	0.616394137697342
MAB22_04427	33.1214911976954	162.347506550319	59.3683196509994	25.7012648715125	2	0.557898411011169
MAB22_04444	36.1229297308402	182.832891306987	63.5016995286729	28.2800945382708	2	0.568849810303531
MAB22_04450	29.9556453231169	229.557842813165	51.6591174188706	23.1700201654132	2	0.579871411279189
MAB22_04536	16.988034759266	689.929504025652	34.8274213690869	9.90926574550372	0	0.487777564099074
MAB22_04559	46.2019267545156	248.537425930702	79.4751984790292	36.7189237327357	4	0.581337670603067
MAB22_04563	28.4999276460539	220.129643036208	51.5062345429154	22.4807922433815	2	0.553329667737775
MAB22_04603	42.742362544285	225.376372529508	73.3279105029362	33.6552375464504	4	0.582893501957481
MAB22_04648	20.6107203351034	119.223298108087	42.3371203752988	16.0468713512056	0	0.48682385935558
MAB22_04655	34.4569902329156	206.381590517205	57.7368236714556	26.6727860315051	3	0.596794004966152
MAB22_05392	22.1683292670385	522.130584817534	42.2196852819115	15.4952632281603	1	0.525070926488773
MAB22_05397	37.5691028908565	187.045594872468	66.075872494442	29.8783051103328	4	0.568575207145607
MAB22_05467	33.4719069195324	189.195097256085	59.2099682499287	26.1897846789286	2	0.565308644960652
MAB22_05482	32.0050907298227	244.272003236337	53.8100852689056	24.8331362301167	2	0.594778665930003
MAB22_05490	32.9967240691525	187.250906215635	58.1093397797656	25.8343511045635	3	0.567838564234414
MAB22_05661	28.2185522096055	204.167596937329	49.4237515289088	21.7826466329118	3	0.570951239771855
MAB22_05763	34.2433532805688	198.875372041316	63.4344062321598	26.6890137235694	1	0.539823028456306
MAB22_05788	18.8502365144718	570.346703756729	35.1918977369821	12.35603416222	1	0.535641375618759
MAB22_05839	22.7771735903414	624.180604485882	42.0398424114038	15.4857392089319	1	0.541799690099765
MAB22_05860	36.5852666227027	239.232746318424	65.0886192945661	28.2013660882238	2	0.562083925257806
MAB22_05917	34.3384834613277	231.087668220819	61.7378697041599	26.4626289642499	2	0.55619806167392
MAB22_05952	40.3105799064148	206.117038580173	68.5102777248197	32.171768226371	4	0.588387337566029
MAB22_06029	35.0573710438092	231.545553939236	58.0845175539928	27.3091627182825	3	0.603557927656437
MAB22_06571	46.0104799908756	244.458616852427	79.7473349376188	36.1269030927706	4	0.576953198835602
MAB22_06578	33.9528305457997	255.225862561494	60.053110439881	26.5518375730643	3	0.565380049377927
MAB22_06647	35.6512459501096	206.994921792866	62.9996827615215	27.8801719602747	2	0.565895642444153
MAB22_06691	36.3421806022806	214.190317498703	66.2441761568662	28.479456547158	2	0.548609443284826
MAB22_06710	32.7830137500379	198.376802095102	59.3344761395842	25.7620777282981	2	0.552512061839264
MAB22_06747	38.7674287231368	208.12743632929	70.0852298703729	30.1934832247775	2	0.553146915474768
MAB22_06779	26.3587936502223	365.630687263706	44.6542746073715	19.7376121062196	2	0.590286011406223
MAB22_07043	29.5816303780712	214.160063722401	54.6986049905513	23.0557195555312	2	0.540811422579824
MAB22_07049	38.3183173473129	246.729207869792	67.427832112899	30.0193473849678	3	0.568286361085302
MAB22_07056	22.8054763263326	546.137051223562	43.1492196414483	15.7630568754417	1	0.528525811494111
MAB22_07092	25.167356698362	500.347560168579	50.1967127612209	18.1443926851167	1	0.501374598334327
MAB22_07926	32.739838132266	181.84344115988	58.7915683827877	25.2168345779233	2	0.556879821934601
MAB22_08024	30.7509900716204	284.688926130996	56.56834073202	23.6869566034406	2	0.54360777908081
MAB22_09577	27.5316824817771	323.767222489318	51.6699613052136	21.115100766033	1	0.532837296299593
MAB22_09590	32.1337443349667	253.050196938853	60.6166763648827	24.9445678745466	1	0.53011392676059
MAB22_09611	22.7068668893801	478.00222241018	43.8320730829165	16.3502791903765	1	0.518042275719548
MAB22_09612	38.3684715441393	289.730175741131	69.312564145757	30.2766105488438	2	0.553557237666944
MAB22_09678	46.7542929690279	285.575132009316	80.662459717561	36.8383538047725	3	0.579628902127966
MAB22_10006	41.4434151644018	229.921402367279	71.0723794375338	32.6151925033266	3	0.583115627932851
MAB22_10035	34.3987561958214	228.867693058176	59.3823783224876	26.5336391394549	3	0.579275488243529
MAB22_10037	59.1107526190159	284.666761426706	101.08714173083	45.5650391836488	4	0.584750459919143
MAB22_10040	52.1781159767278	270.041924313959	89.0367909034807	41.323168411152	4	0.586028712931581
MAB22_10200	37.7497346072553	207.420918754706	63.509421745169	29.6130927006548	3	0.594395816713976
MAB22_10213	37.7162625839176	259.743295704811	65.329596449189	29.4689920061239	3	0.577322754676071
MAB22_10219	23.1352312939751	331.406877160538	41.547556826256	17.4871085331222	2	0.556837346434609
MAB22_10220	38.0526699998016	291.016636004197	66.1760551045997	29.8236602197054	3	0.575021734669035
MAB22_10762	36.3646830587049	331.773819212244	63.7764338462501	28.1512719910345	3	0.570189972464988
MAB22_10763	25.147648066366	341.154223746879	45.6880179731551	19.1799228296257	2	0.550421077166019
MAB22_10764	23.6548087646628	532.725731695031	46.6047350656073	16.4360568457952	1	0.507562348146922
MAB22_11194	38.2698762234826	206.204697047323	65.3632897709496	30.3297179358572	4	0.585494952252094
MAB22_11233	30.0506576992528	179.057366877382	52.788063029805	23.4789586306171	2	0.569269944272904
MAB22_11256	46.9828379989503	266.077654170943	79.5571620304452	37.8446238788672	4	0.590554474290675
MAB22_11262	41.1837711052885	196.849687557056	71.7202664940211	32.2583952778515	3	0.574227803639372
MAB22_11310	61.2264270153778	332.563345162223	103.607127508515	48.7299913439877	5	0.590948021508935
MAB22_11533	34.1863423606354	185.461966609764	60.6253971974536	27.1259687964239	2	0.563894736215751
MAB22_11537	19.4718397563336	148.776667758078	42.4809009941884	14.9326762023318	0	0.45836692020721
MAB22_11541	23.699412660686	292.630045802635	45.5550133146913	17.8140681244593	1	0.520237201929287
MAB22_11546	50.4799646041666	242.506357143246	86.2462927957545	40.2347409103155	4	0.585300109347509
MAB22_11707	44.3193301126276	257.055887538197	76.0892737265894	35.0322479172837	4	0.582464885548468
MAB22_11835	40.5984172527261	229.637682761076	71.1210025096236	31.7734062774369	3	0.570835840611667
MAB22_11838	35.9014199983749	186.553316657806	61.6415498081359	27.9452030511237	3	0.582422410048475
MAB22_11840	41.5820774786079	208.88531804098	72.0619154103386	33.2387378125495	4	0.577032642579999
MAB22_11856	22.4053354038936	139.388897054339	44.6654779251845	17.5421203535415	1	0.501625336718038
MAB22_11858	40.5156947922041	234.146467789274	71.0589929043167	31.6523318813777	2	0.570169842496288
MAB22_11860	35.543346152792	161.349049270983	62.011823311321	28.1047389173617	3	0.573170473868325
MAB22_11861	32.4967362230917	153.703961293364	57.0572061331154	25.4793939519474	3	0.569546573088055
MAB22_11863	30.8033597677375	141.302193303357	54.5088645995614	24.1073527828079	2	0.565107345273654
MAB22_11865	32.0502409835803	183.689474731836	56.9782566885864	25.3173153377692	2	0.562499501498417
MAB22_11868	35.9854918631208	194.93813315725	62.5623308762167	28.6041555565408	3	0.575194232042327
MAB22_12095	33.1127610581554	190.90414111437	58.7818612310842	25.5559048449089	2	0.563315967964737
MAB22_12096	29.4531331283439	267.431163094108	52.8952077826488	22.8155184500724	2	0.556820444857116
MAB22_12113	40.5874265430248	212.782020830136	74.8125999808173	31.1456297647869	1	0.542521267185328
MAB22_12116	34.2288177973222	230.267036770617	64.299669466772	26.5013474200142	1	0.532332717744542
MAB22_12125	42.4091625667122	231.60580775372	76.0925739235485	33.5255726143335	2	0.557336417734072
MAB22_12127	33.8370116947536	195.421795358638	58.9199542206923	26.6611108522961	3	0.574287813734741
MAB22_12130	31.7979588591546	193.407712518862	56.5391015707321	24.7656552005735	2	0.56240651117131
MAB22_12134	34.0003914582581	176.537214346983	59.6660037429269	26.6459478149748	3	0.569845294227345
MAB22_12173	42.5605615805464	238.661163400243	73.4568131978095	33.7850739649979	3	0.579395698339632
MAB22_12174	36.024913368336	248.528366011752	62.2665067856098	28.0826713934946	3	0.578560051431437
MAB22_12176	34.9275613581045	178.908613771925	61.6640280915558	27.7031502960968	3	0.566417122576697
MAB22_12212	32.6930927367414	173.811759585626	61.6089965430944	25.1756777004238	1	0.53065452403322
MAB22_12237	36.5548318824793	215.030619434181	65.0425013200685	28.941773521138	2	0.562014546497759
MAB22_12494	42.9749293267154	263.016587333436	75.4307172916108	34.1965031160008	3	0.569727173090258
MAB22_12537	38.0850450664407	279.102409641717	66.5418963698641	30.123857952968	2	0.57234685429992
MAB22_12602	167.713178963892	889.374920144267	277.340618269434	133.038793516023	10	0.604719135662189
MAB22_12697	33.4811986725358	381.512874645011	59.3380061295254	25.7443701912339	2	0.564245428123288
MAB22_12705	42.2957172162233	288.202779951176	75.5309652581933	33.1756984091811	2	0.559978507776815
MAB22_13195	43.9814035804218	342.170466067325	77.8193832169884	34.1328563368218	2	0.565172862624611
MAB22_13230	13.4337594894129	132.73930281627	31.6567957013592	10.2168021805784	0	0.424356261958499
MAB22_13233	38.4396875752922	210.305936442356	66.6718223349251	30.3877404271957	3	0.576550726065182
MAB22_13238	40.0270623374472	216.083808661926	69.2317496476378	31.933924038641	3	0.578160490543283
MAB22_13245	24.3371273471189	399.667276488505	44.1310126424635	18.073241884227	2	0.551474482226187
MAB22_14131	45.2972320280181	253.019695365797	78.2869872814387	35.5166106552602	3	0.578604869097599
MAB22_14148	40.8235905761886	219.73616279389	74.4027166908686	31.3618821592944	2	0.548684139395096
MAB22_14151	33.9680604496612	253.616450902993	61.1014332284144	26.3582146467395	2	0.555929029073372
MAB22_14161	38.5272148947605	343.578974727313	68.3719474281064	30.7215106650999	2	0.563494479007924
MAB22_14229	33.9102648407553	189.282363204656	61.2367364827629	26.2826136014263	2	0.553756891507445
MAB22_14461	36.8781940025122	249.877204067804	63.2222801727955	28.4801358311356	3	0.583310091026706
MAB22_14509	34.9364065169962	190.409973175702	62.0988234579318	27.1985362737291	2	0.562593694559502
MAB22_14542	39.1627925128185	207.671479379827	67.966011392995	31.0877635011099	3	0.576211428479551
MAB22_14543	42.0438974480648	221.756888024537	74.5999132676457	32.5742387585739	2	0.56359177385664
MAB22_14545	35.7888883459026	279.576568469023	65.4282885430759	28.0963480127392	2	0.54699410824935
MAB22_14547	37.779958932335	202.701797294081	67.8431374153839	29.4113587523935	2	0.556872225719998
MAB22_14557	37.199092227034	199.62977051229	66.7885322444978	28.6281699255354	2	0.556968254532946
MAB22_14561	33.8715054089516	217.94242879898	60.3066315460116	26.9068418423657	2	0.561654739132697
MAB22_14928	39.9652828937905	218.657343801739	69.2461476433108	31.3642561548591	4	0.577148105041975
MAB22_14941	36.3108269733005	214.667730786279	64.0005739375902	28.545121666927	3	0.567351583576528
MAB22_14947	39.8553706693178	235.945300729153	69.3510581008461	31.4481117732074	3	0.574690159901583
MAB22_14954	37.3175322785355	212.428467530252	65.3513089266411	29.4663967330009	3	0.57102960738585
MAB22_14955	33.0909916364386	206.855828356317	60.7311525948444	25.9281634641638	2	0.544876726730358
MAB22_14958	62.6140988781579	327.918065912755	107.945556884655	49.7689199280181	4	0.580052580997487
MAB22_15450	38.4948016571378	186.743501591928	67.9791847714415	30.7146337780581	3	0.566273364215322
MAB22_15455	32.6988718102066	230.390522214547	57.7183995400029	25.630663142587	3	0.566524229202609
MAB22_15457	32.5351186294472	176.796544667333	59.009136186304	25.5009139709822	2	0.551357310615925
MAB22_15459	19.110715903979	599.90736834542	36.8911287213454	12.414882322195	1	0.518030121776182
MAB22_15806	66.575394202387	323.394979562346	109.256687609062	52.7230458203008	8	0.609348458747047
MAB22_17243	62.1969438909379	281.467790176121	102.704303342302	49.406899196302	8	0.605592383832673
MAB22_17246	55.6626149513024	300.025649776245	91.7526048633834	44.6971759604895	8	0.606659778588069
MAB22_17620	63.7553862542135	286.861743714885	106.3366922248	51.3014457334404	8	0.599561495851644
MAB22_17626	40.9830701266091	246.650395803192	69.2752223408647	32.5431943113581	4	0.591597814366493
MAB22_17650	42.8391010335812	205.005003953303	72.4877693532554	33.6897327330392	4	0.590983850321149
MAB22_17672	36.8003808488754	166.737861218587	63.0304384778827	29.1549853510136	4	0.583850941506489
MAB22_18643	37.0464241389495	258.38254563117	63.5233429426705	28.5495795527977	4	0.583193868943269
MAB22_18704	41.6477552362924	218.354031364331	71.1531236755254	32.7283794793217	3	0.585325746571797
MAB22_18737	39.0001377446931	194.091946595114	67.5863649637415	30.6969408234747	4	0.57704150483037
MAB22_18760	39.1910270094796	188.650650001451	65.9491278636234	30.7979898443484	4	0.594261490319068
MAB22_18763	31.6368820780125	163.588905092022	54.2633094649964	24.6848132241451	3	0.583025296280855
MAB22_18774	61.8046901814251	303.987036009949	101.508791763933	49.2810100064276	8	0.608860465260548
MAB22_18793	38.5597311243853	170.523611187915	64.6069836574813	30.1597758174527	3	0.596835341033954
MAB22_21224	40.019215131257	192.354314480107	68.0486964720987	31.8272119365303	4	0.588096719055649
MCX_015	14.5487279442336	88.3740057050058	27.4712264857393	11.487280796061	1	0.529598776806883
MCX_016	59.2495122913741	407.441186234418	96.4975371078259	47.4421760203037	4	0.614000253966775
MCX_017	22.0803481370487	120.198873734323	39.7035135268354	17.6632107826793	2	0.556130835174677
MCX_018	16.9690664416827	105.129502080643	31.3633227652537	13.2967981103089	1	0.541048107966517
MCX_019	42.8687966621221	248.731677000837	73.4519201797325	33.9945659801216	3	0.58363071458477
MCX_020	17.2068994264978	107.025150773663	32.5832798316471	13.6817964712113	1	0.528089852077647
MCX_021	19.0443939872916	104.071420233647	34.7370647356981	15.0793772346964	1	0.548244191965965
MCX_027	75.1607577401229	477.238670735157	122.707978745668	58.428933160504	4	0.612517282970768
MCX_029	49.880745064579	320.70739415885	84.1840705810874	39.5582486052462	3	0.592519994819382
MCX_030	26.1256989941702	162.731917842758	46.1221052335126	20.4677520295695	2	0.566446368002921
MCX_031	19.4581447309291	127.760186007578	35.4800071378545	15.3236679054149	2	0.548425614891417
MCX_032	18.8794604180885	108.416977501175	34.8808585563255	14.794683915818	1	0.541255611228775
MCX_033	14.5961006604788	92.5317998380278	27.5785332949954	11.4286329695217	1	0.529255871019314
MCX_034	26.692052118642	146.223977974963	48.0915047215769	21.1057515088317	2	0.555026345571299
MCX_035	25.7652427224808	141.96760941885	44.6850934432551	20.508803283235	2	0.576595923542074
MCX_038	20.2766573642573	112.501133877469	36.5453878228403	16.1591736532004	2	0.554834920963286
MCX_039	15.5583617167994	95.563660908758	28.4517308931619	12.2044937306026	1	0.546833574914058
MCX_046	13.5903239924779	80.7400798390052	25.7035299717875	10.6289981126883	1	0.528733757868887
MCX_047	74.3993770597538	414.547015088738	122.775099972429	59.3696597978595	4	0.60598099351144
MCX_055	61.3935772866144	324.442966380607	93.8841460427925	48.3803609885852	17	0.653929123013226
MCX_061	70.5675747223837	449.456686317499	108.172140771457	55.576588362258	19	0.652363669786981
MCX_062	53.8347580244789	315.720075028281	88.7161344978022	42.4131523600603	3	0.606820375225149
MCX_066	23.8734725120199	121.042760993917	42.3396053949509	19.1354269032281	2	0.563856755142732
MCX_067	24.0994861667256	147.027010825354	43.8447401788985	18.7837927568372	2	0.549655125526813
MCX_068	15.6939487035234	88.4780167250581	29.3619395583086	12.4137789538382	1	0.534499727865612
MCX_069	32.3734250356808	167.053868983436	56.0555747127676	25.7106358587352	2	0.577523737854128
MCX_079	16.0744724650522	84.2482818053254	30.2055773287893	12.8606587914094	1	0.532169019319832
MCX_080	13.6434338131049	80.822239299026	25.7638104095226	10.7530564182752	1	0.529558073756965
MCX_084	17.1081344570509	94.0771449698347	31.6655968644541	13.5290094054958	1	0.540275129828803
MCX_089	64.4295221310074	354.726189133672	97.782405021199	50.5634934375321	20	0.658907112348394
MCX_090	41.8818845600711	241.525163878515	70.0442964323055	33.0238215346519	3	0.597934260079955
MCX_091	19.9681277394649	108.344166424037	35.4524731277063	15.758490644841	2	0.56323652422034
MCX_093	22.7943685083222	130.260759199775	40.3202995986455	18.0616698950669	2	0.5653323198295
MCX_096	19.1951241544308	100.192576387701	34.2324741872345	15.2586043444092	2	0.560728507365353
MW_001	140.176771446756	718.3845708826	222.958469635383	114.460128376904	8	0.628712475807639
MW_002	106.900861486699	479.175016204651	165.913115731896	86.7217945521522	7	0.64431832899484
MW_016	91.6789444705288	471.704383381602	145.97498289313	74.5781251720682	6	0.628045591467223
NAN_001	49.186526822045	268.632500342395	85.2275649747769	39.526842335344	3	0.577119935746153
NAN_002	41.582794054848	205.121483253447	74.849925753709	33.2994415922504	2	0.555548901834245
NAN_003	123.24142453839	561.548237782429	194.941083420701	98.4854452164504	9	0.632198315387487
NAN_007	95.8411494161534	617.006056153773	154.819684279536	76.0410588200994	5	0.619050154133524
NAN_008	103.814008014767	510.926637154273	164.652704093358	84.7496549682142	6	0.63050290358973
NAN_009	29.7886965414828	159.766375758595	61.9567848928234	23.6342485646923	0	0.480797972215832
NAN_010	99.0785089668837	470.55547383933	160.787204286461	80.1475430825891	6	0.616208916664588
NAN_012	39.2257491165328	238.651354571652	72.5797545890126	31.5865313002695	2	0.540450285877206
NAN_014	100.373164168999	499.1102817262	166.568187280713	80.2534760720495	5	0.60259504415363
NAN_019	130.643401529202	663.888203678528	199.801177826974	105.675634534471	8	0.653867023958841
NAN_021	93.5010146010667	511.788851664858	153.271534107382	75.1582824171142	4	0.610035093245433
NAN_022	52.1866497541145	278.98488733544	88.6036495991028	42.2077348484207	4	0.588989843987678
NAN_023	94.2065223377471	523.11343221066	144.025308831114	76.1307916513792	6	0.654096999355968
NAN_024	105.239747420796	506.759031997159	161.332650741919	84.6639213580137	7	0.652315243918882
NAN_025	76.1040007869719	402.247391540276	117.002385319282	61.3931547041778	5	0.650448284274658
NAN_026	74.0100118741549	373.367001437637	117.973079516698	59.6264596118518	4	0.627346613120106
NAN_028	33.7365658096183	222.118137988826	57.2941751302069	26.6012798116617	2	0.588830639989943
NAN_031	81.7586934561498	444.127458515376	130.466918151629	65.6551118589916	4	0.626662257486101
NAN_033	54.7067144586699	313.261158382785	79.6155292076634	43.7687800969096	20	0.687136228360442
NAN_034	86.1922262618611	432.948720194275	133.261373271051	69.4278648357203	5	0.646790770244766
NAN_036	29.2211609396081	137.442922274644	54.265370058002	23.0296232654036	1	0.538486347893209
NAN_038	73.131494716007	361.615255074277	116.101073113888	58.4223012118132	4	0.629895079817858
NAN_039	66.8484798265362	397.180901736079	97.3969066612144	52.4611369367015	19	0.68635115958115
NAN_041	83.8186902581516	398.426149220299	136.973836392862	66.3867254532646	4	0.61193212123913
NAN_042	58.8623348788732	320.871297439516	100.419579426494	46.7680086264827	2	0.586163925551526
NAN_045	74.4114851726309	361.364168398506	120.743080688171	59.4298845132067	4	0.616279498158614
NAN_046	58.1014608660115	306.047594017061	96.1811311802089	47.0693950703502	5	0.604083775612378
NAN_048	76.1534746794713	448.18887915365	122.62071176986	60.5436644502021	4	0.621049034704699
NAN_049	26.6075766416908	140.702824817034	53.916354474491	20.8490362924031	0	0.493497323790293
NAN_050	104.673298900534	532.641568972567	161.632147063801	84.4117505682697	6	0.647601982662653
PLY_001	75.1176172548558	430.252453767045	111.978713018114	59.6360489738571	21	0.670820508918526
PLY_002	61.2472511514952	349.452230291116	90.563705057041	48.383381352507	22	0.676289150415304
PLY_003	51.4372591920849	260.745974723676	77.374432419537	40.8145443273542	18	0.664783670569391
PLY_004	17.1380049251333	90.3652862388463	30.8542557539135	13.8039934733158	2	0.555450277647974
PLY_005	63.4006101153002	324.38474988929	93.1634238812957	50.3321307517907	22	0.680531129857162
PLY_006	43.2872381315764	241.323016045968	64.2617634112478	34.2265013030337	15	0.673608003169141
PLY_007	23.9603383911056	138.180460620177	41.5865438387883	19.2109969260105	2	0.576156039414732
PLY_008	46.5627316291605	257.147680671754	68.9004667286191	36.8484748205735	15	0.675797042312561
PLY_009	48.2330977578375	270.033431910478	71.5916445333217	38.3091675681297	18	0.673725238081191
PLY_010	39.8160959609545	231.220717010136	59.6216661138836	31.1008410280475	14	0.667812534539038
PT_003	76.9351801081446	356.749679173917	127.023920754608	62.8196843430125	5	0.605674739459334
PT_006	80.3522873658047	354.764898463695	128.153962133701	64.7003363325227	6	0.626998073473373
PT_008	106.835768384321	525.572567907125	170.268951452213	85.7307575485973	6	0.627453023426346
PT_009	114.173039046693	596.082763649775	181.303165805658	91.7472801035454	7	0.629735496009392
PT_010	93.4436086779604	470.398966262161	144.675406553923	76.1450388089984	6	0.645884541842545
PT_011	67.4552571565551	326.75482642925	105.603698995296	54.6942874569176	5	0.638758469621029
PT_012	25.8290955529113	130.811404667977	50.6002689546839	20.3685987080559	1	0.510453720632243
PT_013	89.1991186871776	437.677313351626	144.243839836408	72.0453902190483	5	0.618391182516654
PT_014	21.1639143471086	125.126833056888	41.4413282352689	17.0785888133774	1	0.510695849972736
PT_016	57.1475370350308	269.496292911847	95.7575791357367	46.4492071795743	4	0.596793878362575
PT_017	40.3173116084995	227.467608680215	65.1420330677679	32.8565823327892	3	0.618913928684965
PT_018	131.340786000577	706.198196774918	201.719242762667	107.288247432441	7	0.651106876080799
PT_019	108.392571294593	505.045721797596	170.744641851624	86.853214158928	7	0.634822680929488
PT_01n	49.6968499510891	255.58738190451	81.4898278120017	40.0040588325117	6	0.609853417112828
PT_020	44.9558872625559	232.688702842951	71.5996919790826	36.585322623074	4	0.627878221538788
PT_04n	43.3431731743248	196.434333502755	73.4357029040532	34.1855284585401	4	0.590219354623075
PT_05n	33.7019849288549	175.95484694395	57.3487023176059	26.5005856848867	3	0.587667786137693
PT_07n	41.3952935879992	183.227112734019	63.7054742321557	33.0891961991106	6	0.649791781427534
PVT_001	19.5114666125499	96.5046577348777	33.8234350851519	15.431644583902	2	0.576862360769299
PVT_002	15.7594966292421	97.2919599635737	28.1409483556198	12.6295856886664	2	0.56002009705177
PVT_003	15.6555940233477	83.4351106493921	28.0462695774757	12.5156457972003	2	0.558205931099042
PVT_004	70.3051689328437	407.63152977134	101.274564011437	55.5494355691174	23	0.694203619824145
PVT_005	73.3777666521301	398.504673471079	106.101299660599	58.3941066309557	24	0.691582166164409
PVT_006	70.2651075731636	369.941572826486	103.9005835084	55.8624302025802	24	0.676272502044964
PVT_007	70.5194961911898	382.271421695442	103.885148698953	56.4327945270964	24	0.678821728364177
PVT_008	41.4516562976246	199.315192443513	68.0014122090732	33.3560745988427	4	0.609570521420629
PVT_009	18.1198104086105	85.3527525592389	31.6965731206897	14.54011567202	2	0.571664650926719
PVT_010	73.0025618233728	370.658231551952	107.485159732341	58.0286946445491	25	0.679187359493768
SHN_102	56.3919393528367	328.524680615979	86.746179402706	44.5658791075789	18	0.650079804564591
SHN_103	15.5289029635504	85.1035249179071	28.9854455638921	12.2571605991351	1	0.535748292339306
SHN_104	65.8678284612614	400.278168730464	98.3191478425093	52.6422588129004	19	0.669938968213767
SHN_151	22.60054938356	128.74835764977	40.752461645246	18.0218491310838	2	0.554581207395523
SHN_152	21.3087222521363	109.914124102848	39.0100657253921	16.8790853712154	1	0.546236512446208
SsLI1101_1	100.998832082011	507.671158640227	168.45039179308	81.6095605642491	5	0.599576118564756
SsLI1102_1	99.1801147939917	1045.18696082243	153.364428092867	82.5896076019191	5	0.646695690958644
SsLI1102_2	138.225245234306	639.436682163794	217.274166920062	111.670698189456	7	0.63617892174519
SsLI1102_3	107.694505506056	550.930434194637	160.420706131861	86.3277264414833	26	0.671325467284306
SsLI1102_4	79.0226666612617	398.076665243117	114.221109476759	62.9870336329728	20	0.691839424632321
SsLI1107_1	34.736321971127	166.465576958308	60.0404307265551	27.3774012068611	2	0.578548847014897
SsLI1107_2	81.5552323928979	413.709292411127	134.597085336363	65.9525380456123	4	0.605921236623224
SsLI1107_3	107.652247067895	542.691190178247	160.611082416277	86.0229736719501	24	0.670266618270339
SsLI1112_1	67.702431016554	370.217794528072	115.890277369026	54.608695322841	3	0.584194227104788
SsLI1112_2	69.2947466099083	350.722608233538	112.964142616769	55.6513937658205	4	0.613422498544375
SsLI1113_4	42.1038406967478	2328.19781566608	70.8935527815427	30.6707150362217	2	0.593902252670101
SsLI1113_5	107.827197132272	531.097880926349	177.005359468683	86.5748276118116	5	0.609174758639776
SsLI1116_2	37.6338303620916	178.58018838619	64.3238520446787	30.4632885271951	2	0.585068044991366
SsLI1117_2	50.2900292973321	253.183948907685	74.5865570118797	40.1774437954075	18	0.674250579622825
SsLI1117_4	39.5331760241702	194.839153632909	66.327414390071	31.84251303536	2	0.596030712002057
SsLI2101_7	26.9043020655007	138.535068168054	45.8838997688303	21.5107219042854	2	0.586356046479211
SsLI2107_1	65.0935472562469	344.526805069978	111.183436419618	52.8039795132616	4	0.585460832588166
SsLI2107_2	74.8608593141784	461.744194336543	120.61685984598	61.0412876719548	4	0.62065004353264
SsLI2108_1	44.7718799149885	230.42527929424	69.5686081895338	35.3863613372746	15	0.643564404695423
SsLI2108_2n	40.4319084818234	205.320713309621	69.3795290223047	32.1616523173402	4	0.582764239705642
SsLI2108_3	37.7657535046122	191.515902713489	72.3946769516075	30.0650047313038	1	0.521664783860475
SsLI2109_2	67.4736463893697	432.415426665896	101.905524138768	54.188990890654	22	0.662119614806086
SsLI2109_3	92.5688260721399	474.064179539634	135.970502219321	74.1992195904709	23	0.680800795475593
SsLI2109_4	63.8286720639474	340.075074296292	95.8967692296718	50.8811358862937	17	0.665597731567754
SsLI3105_2	119.184188327373	575.416575250306	192.273630806378	96.3728278616521	5	0.619867570126671
SsLI3105_3	27.2360994653388	129.894757601858	47.532758936878	21.8289904874926	2	0.572996393950324
SsLI3105_5	117.657934860175	622.595923563037	165.271324752703	94.3416748581106	24	0.711907737390252
SsLI3109_1	93.7107344387492	492.054997986636	152.345671670182	76.0698569715912	4	0.615119113076111
SsLI3109_2	74.9565034421555	368.156398741956	109.621373155653	60.2348489362998	19	0.683776359339438
SsLI3109_3	81.3530325544582	384.627062362637	127.68854174781	65.5458761048999	4	0.637120852356048
SsLI3109_4	65.5590011914703	323.900324294768	98.380812654509	52.6155389142548	19	0.666379951766569
SsLI3109_5	65.8733522386281	373.4615996691	97.9362405091788	52.9095137222227	19	0.672614671506131
SsLI4106_1	72.3172281134345	372.534970676156	113.856196777216	58.3991790135968	5	0.635162864740157
SsLI4106_2	47.2896332180473	236.806016457569	77.3074836449307	38.1623015542696	3	0.611708349417263
SsLI4106_3	64.1675174216042	309.474676901767	105.344525105046	51.8154636101018	4	0.609120572308937
SsLI4106_4	90.3555391153769	420.094568295322	147.7031610882	72.9475533644654	4	0.611737341636334
SsLI4106_5	79.4857573508204	373.297655000728	112.184637916898	64.1479880149528	25	0.708526219157628
SsLI4109_1	100.453465589328	507.635224969851	134.403357251381	80.6463037152505	26	0.747402949179678
SsLI4109_3n	42.5877983777243	219.556427575014	70.715905954302	34.0817076044525	5	0.60223789546368
SsLI4121_2	118.966122465404	591.29171129439	191.718962844838	96.2269785430925	6	0.6205235032577
SsLI4121_3	81.7507586402762	382.388690133876	128.648811160358	66.1384923537836	4	0.635456774943532
SsLI4121_4	42.89439482921	227.212177462756	70.5784140804898	34.6850928616448	3	0.607755152733922
SsLI4121_5	150.090215746414	760.541761498967	234.320188390931	121.411199977385	7	0.640534717802527
SsLI4129_1	112.676002076808	633.92137030924	180.80373792285	91.0281549446654	5	0.62319509193382
SsLI4129_2	57.9699561483172	286.630379157948	92.2751933653239	47.0353196133875	4	0.628229040049902
SsLI4129_3	28.8136199748047	147.944389844481	49.4109818028327	22.9788488971943	2	0.583142024778599
SsLI4139_1	84.3495239262394	426.817053811347	122.445663184949	67.2489124687082	24	0.688873102829577
SsLI4146_1	71.0176694281808	352.322283108861	108.059753827009	56.953565157267	20	0.657207396029028
SsLI4146_2	108.655706004215	519.634922122479	172.847717762809	88.0130160410961	5	0.628621004723453
WV1_001	40.3609610401505	236.999232085115	59.2854426431528	31.7483911177218	13	0.680790413982302
WV1_002	47.2771423192567	258.461942671306	72.5885475908523	37.1215110568189	15	0.651303048322939
WV1_003	44.4190101094187	240.225040724044	68.3539288038235	34.9036658977684	17	0.649838434845558
WV1_004	44.3193123881229	239.591276512462	67.9193965702493	35.0128308555574	14	0.652528064531362
WV1_005	42.072157075536	243.153595355493	65.3168863507975	33.2202648641256	16	0.644123739297408
WV1_006	33.2666508074563	192.203604122026	51.8019796397706	25.9245298458366	11	0.642188793532482
WV1_007	16.9223522539437	90.1187891904857	31.3340187098159	13.4754851706323	1	0.540063258743148
WV1_008	25.7290109310807	146.680206942618	46.0335526793396	20.564071609149	2	0.558918645934234
WV1_009	35.0970455662713	189.006240703804	54.1770988323545	27.4559476766398	12	0.647820690341451
WV1_010	52.6917154164317	286.202718900983	79.7227413643957	41.5188199929597	18	0.660937074097655
WV5_001	48.2198250819684	273.726969933472	73.5527769092915	38.1505217907682	15	0.65558129968953
WV5_002	43.6968918568686	235.211248787432	66.588576986548	34.5733802663165	13	0.656222040391352
WV5_003	48.4593491740603	271.736500764763	74.9336499580589	38.0685691545895	16	0.646696767089046
WV5_004	35.7626008223393	269.768756120588	55.3435547970761	28.3387544413239	12	0.646192694948302
WV5_005	35.5665296098526	204.946399858708	55.0866082442766	27.7597973432977	12	0.645647476645122
WV5_006	17.7515475071683	94.5887093675657	32.0569894760654	14.1237955920245	2	0.553749675103571
WV5_007	62.8362495412188	339.345307987213	97.3407492990023	49.7129945874646	21	0.645528722490151
WV5_008	34.0816712710298	185.839900042137	52.8921335106368	26.6350359192774	11	0.644361817323446
WV5_009	51.5295583902688	292.479542470036	79.0093080981374	40.1724298529535	18	0.652196046651392
WV5_010	42.8855605582278	215.110815254214	66.0131460583944	33.985238083474	15	0.649651821173461
